code,name,status,codeforiati:sub-region-code,codeforiati:global-name,codeforiati:region-code,codeforiati:intermediate-region-code,codeforiati:iso-alpha-2-code,codeforiati:land-locked-developing-countries,codeforiati:least-developed-countries,codeforiati:small-island-developing-states,codeforiati:global-code,codeforiati:iso-alpha-3-code,codeforiati:sub-region-name,codeforiati:developed-developing,codeforiati:region-name,codeforiati:intermediate-region-name
012,Algérie,active,015,Monde,002,,DZ,0,0,0,001,DZA,Afrique septentrionale,Developing,Afrique,
818,Égypte,active,015,Monde,002,,EG,0,0,0,001,EGY,Afrique septentrionale,Developing,Afrique,
434,Libye,active,015,Monde,002,,LY,0,0,0,001,LBY,Afrique septentrionale,Developing,Afrique,
504,Maroc,active,015,Monde,002,,MA,0,0,0,001,MAR,Afrique septentrionale,Developing,Afrique,
729,Soudan,active,015,Monde,002,,SD,0,1,0,001,SDN,Afrique septentrionale,Developing,Afrique,
788,Tunisie,active,015,Monde,002,,TN,0,0,0,001,TUN,Afrique septentrionale,Developing,Afrique,
732,Sahara occidental,active,015,Monde,002,,EH,0,0,0,001,ESH,Afrique septentrionale,Developing,Afrique,
086,Territoire britannique de l'océan Indien,active,202,Monde,002,014,IO,0,0,0,001,IOT,Afrique subsaharienne,Developing,Afrique,Afrique orientale
108,Burundi,active,202,Monde,002,014,BI,1,1,0,001,BDI,Afrique subsaharienne,Developing,Afrique,Afrique orientale
174,Comores,active,202,Monde,002,014,KM,0,1,1,001,COM,Afrique subsaharienne,Developing,Afrique,Afrique orientale
262,Djibouti,active,202,Monde,002,014,DJ,0,1,0,001,DJI,Afrique subsaharienne,Developing,Afrique,Afrique orientale
232,Érythrée,active,202,Monde,002,014,ER,0,1,0,001,ERI,Afrique subsaharienne,Developing,Afrique,Afrique orientale
231,Éthiopie,active,202,Monde,002,014,ET,1,1,0,001,ETH,Afrique subsaharienne,Developing,Afrique,Afrique orientale
260,Terres australes françaises,active,202,Monde,002,014,TF,0,0,0,001,ATF,Afrique subsaharienne,Developing,Afrique,Afrique orientale
404,Kenya,active,202,Monde,002,014,KE,0,0,0,001,KEN,Afrique subsaharienne,Developing,Afrique,Afrique orientale
450,Madagascar,active,202,Monde,002,014,MG,0,1,0,001,MDG,Afrique subsaharienne,Developing,Afrique,Afrique orientale
454,Malawi,active,202,Monde,002,014,MW,1,1,0,001,MWI,Afrique subsaharienne,Developing,Afrique,Afrique orientale
480,Maurice,active,202,Monde,002,014,MU,0,0,1,001,MUS,Afrique subsaharienne,Developing,Afrique,Afrique orientale
175,Mayotte,active,202,Monde,002,014,YT,0,0,0,001,MYT,Afrique subsaharienne,Developing,Afrique,Afrique orientale
508,Mozambique,active,202,Monde,002,014,MZ,0,1,0,001,MOZ,Afrique subsaharienne,Developing,Afrique,Afrique orientale
638,Réunion,active,202,Monde,002,014,RE,0,0,0,001,REU,Afrique subsaharienne,Developing,Afrique,Afrique orientale
646,Rwanda,active,202,Monde,002,014,RW,1,1,0,001,RWA,Afrique subsaharienne,Developing,Afrique,Afrique orientale
690,Seychelles,active,202,Monde,002,014,SC,0,0,1,001,SYC,Afrique subsaharienne,Developing,Afrique,Afrique orientale
706,Somalie,active,202,Monde,002,014,SO,0,1,0,001,SOM,Afrique subsaharienne,Developing,Afrique,Afrique orientale
728,Soudan du Sud,active,202,Monde,002,014,SS,1,1,0,001,SSD,Afrique subsaharienne,Developing,Afrique,Afrique orientale
800,Ouganda,active,202,Monde,002,014,UG,1,1,0,001,UGA,Afrique subsaharienne,Developing,Afrique,Afrique orientale
834,République-Unie de Tanzanie,active,202,Monde,002,014,TZ,0,1,0,001,TZA,Afrique subsaharienne,Developing,Afrique,Afrique orientale
894,Zambie,active,202,Monde,002,014,ZM,1,1,0,001,ZMB,Afrique subsaharienne,Developing,Afrique,Afrique orientale
716,Zimbabwe,active,202,Monde,002,014,ZW,1,0,0,001,ZWE,Afrique subsaharienne,Developing,Afrique,Afrique orientale
024,Angola,active,202,Monde,002,017,AO,0,1,0,001,AGO,Afrique subsaharienne,Developing,Afrique,Afrique centrale
120,Cameroun,active,202,Monde,002,017,CM,0,0,0,001,CMR,Afrique subsaharienne,Developing,Afrique,Afrique centrale
140,République centrafricaine,active,202,Monde,002,017,CF,1,1,0,001,CAF,Afrique subsaharienne,Developing,Afrique,Afrique centrale
148,Tchad,active,202,Monde,002,017,TD,1,1,0,001,TCD,Afrique subsaharienne,Developing,Afrique,Afrique centrale
178,Congo,active,202,Monde,002,017,CG,0,0,0,001,COG,Afrique subsaharienne,Developing,Afrique,Afrique centrale
180,République démocratique du Congo,active,202,Monde,002,017,CD,0,1,0,001,COD,Afrique subsaharienne,Developing,Afrique,Afrique centrale
226,Guinée équatoriale,active,202,Monde,002,017,GQ,0,0,0,001,GNQ,Afrique subsaharienne,Developing,Afrique,Afrique centrale
266,Gabon,active,202,Monde,002,017,GA,0,0,0,001,GAB,Afrique subsaharienne,Developing,Afrique,Afrique centrale
678,Sao Tomé-et-Principe,active,202,Monde,002,017,ST,0,1,1,001,STP,Afrique subsaharienne,Developing,Afrique,Afrique centrale
072,Botswana,active,202,Monde,002,018,BW,1,0,0,001,BWA,Afrique subsaharienne,Developing,Afrique,Afrique australe
748,Eswatini,active,202,Monde,002,018,SZ,1,0,0,001,SWZ,Afrique subsaharienne,Developing,Afrique,Afrique australe
426,Lesotho,active,202,Monde,002,018,LS,1,1,0,001,LSO,Afrique subsaharienne,Developing,Afrique,Afrique australe
516,Namibie,active,202,Monde,002,018,NA,0,0,0,001,NAM,Afrique subsaharienne,Developing,Afrique,Afrique australe
710,Afrique du Sud,active,202,Monde,002,018,ZA,0,0,0,001,ZAF,Afrique subsaharienne,Developing,Afrique,Afrique australe
204,Bénin,active,202,Monde,002,011,BJ,0,1,0,001,BEN,Afrique subsaharienne,Developing,Afrique,Afrique occidentale
854,Burkina Faso,active,202,Monde,002,011,BF,1,1,0,001,BFA,Afrique subsaharienne,Developing,Afrique,Afrique occidentale
132,Cabo Verde,active,202,Monde,002,011,CV,0,0,1,001,CPV,Afrique subsaharienne,Developing,Afrique,Afrique occidentale
384,Côte d’Ivoire,active,202,Monde,002,011,CI,0,0,0,001,CIV,Afrique subsaharienne,Developing,Afrique,Afrique occidentale
270,Gambie,active,202,Monde,002,011,GM,0,1,0,001,GMB,Afrique subsaharienne,Developing,Afrique,Afrique occidentale
288,Ghana,active,202,Monde,002,011,GH,0,0,0,001,GHA,Afrique subsaharienne,Developing,Afrique,Afrique occidentale
324,Guinée,active,202,Monde,002,011,GN,0,1,0,001,GIN,Afrique subsaharienne,Developing,Afrique,Afrique occidentale
624,Guinée-Bissau,active,202,Monde,002,011,GW,0,1,1,001,GNB,Afrique subsaharienne,Developing,Afrique,Afrique occidentale
430,Libéria,active,202,Monde,002,011,LR,0,1,0,001,LBR,Afrique subsaharienne,Developing,Afrique,Afrique occidentale
466,Mali,active,202,Monde,002,011,ML,1,1,0,001,MLI,Afrique subsaharienne,Developing,Afrique,Afrique occidentale
478,Mauritanie,active,202,Monde,002,011,MR,0,1,0,001,MRT,Afrique subsaharienne,Developing,Afrique,Afrique occidentale
562,Niger,active,202,Monde,002,011,NE,1,1,0,001,NER,Afrique subsaharienne,Developing,Afrique,Afrique occidentale
566,Nigéria,active,202,Monde,002,011,NG,0,0,0,001,NGA,Afrique subsaharienne,Developing,Afrique,Afrique occidentale
654,Sainte-Hélène,active,202,Monde,002,011,SH,0,0,0,001,SHN,Afrique subsaharienne,Developing,Afrique,Afrique occidentale
686,Sénégal,active,202,Monde,002,011,SN,0,1,0,001,SEN,Afrique subsaharienne,Developing,Afrique,Afrique occidentale
694,Sierra Leone,active,202,Monde,002,011,SL,0,1,0,001,SLE,Afrique subsaharienne,Developing,Afrique,Afrique occidentale
768,Togo,active,202,Monde,002,011,TG,0,1,0,001,TGO,Afrique subsaharienne,Developing,Afrique,Afrique occidentale
660,Anguilla,active,419,Monde,019,029,AI,0,0,1,001,AIA,Amérique latine et Caraïbes,Developing,Amériques,Caraïbes
028,Antigua-et-Barbuda,active,419,Monde,019,029,AG,0,0,1,001,ATG,Amérique latine et Caraïbes,Developing,Amériques,Caraïbes
533,Aruba,active,419,Monde,019,029,AW,0,0,1,001,ABW,Amérique latine et Caraïbes,Developing,Amériques,Caraïbes
044,Bahamas,active,419,Monde,019,029,BS,0,0,1,001,BHS,Amérique latine et Caraïbes,Developing,Amériques,Caraïbes
052,Barbade,active,419,Monde,019,029,BB,0,0,1,001,BRB,Amérique latine et Caraïbes,Developing,Amériques,Caraïbes
535,"Bonaire, Saint-Eustache et Saba",active,419,Monde,019,029,BQ,0,0,1,001,BES,Amérique latine et Caraïbes,Developing,Amériques,Caraïbes
092,Îles Vierges britanniques,active,419,Monde,019,029,VG,0,0,1,001,VGB,Amérique latine et Caraïbes,Developing,Amériques,Caraïbes
136,Îles Caïmanes,active,419,Monde,019,029,KY,0,0,0,001,CYM,Amérique latine et Caraïbes,Developing,Amériques,Caraïbes
192,Cuba,active,419,Monde,019,029,CU,0,0,1,001,CUB,Amérique latine et Caraïbes,Developing,Amériques,Caraïbes
531,Curaçao,active,419,Monde,019,029,CW,0,0,1,001,CUW,Amérique latine et Caraïbes,Developing,Amériques,Caraïbes
212,Dominique,active,419,Monde,019,029,DM,0,0,1,001,DMA,Amérique latine et Caraïbes,Developing,Amériques,Caraïbes
214,République dominicaine,active,419,Monde,019,029,DO,0,0,1,001,DOM,Amérique latine et Caraïbes,Developing,Amériques,Caraïbes
308,Grenade,active,419,Monde,019,029,GD,0,0,1,001,GRD,Amérique latine et Caraïbes,Developing,Amériques,Caraïbes
312,Guadeloupe,active,419,Monde,019,029,GP,0,0,0,001,GLP,Amérique latine et Caraïbes,Developing,Amériques,Caraïbes
332,Haïti,active,419,Monde,019,029,HT,0,1,1,001,HTI,Amérique latine et Caraïbes,Developing,Amériques,Caraïbes
388,Jamaïque,active,419,Monde,019,029,JM,0,0,1,001,JAM,Amérique latine et Caraïbes,Developing,Amériques,Caraïbes
474,Martinique,active,419,Monde,019,029,MQ,0,0,0,001,MTQ,Amérique latine et Caraïbes,Developing,Amériques,Caraïbes
500,Montserrat,active,419,Monde,019,029,MS,0,0,1,001,MSR,Amérique latine et Caraïbes,Developing,Amériques,Caraïbes
630,Porto Rico,active,419,Monde,019,029,PR,0,0,1,001,PRI,Amérique latine et Caraïbes,Developing,Amériques,Caraïbes
652,Saint-Barthélemy,active,419,Monde,019,029,BL,0,0,0,001,BLM,Amérique latine et Caraïbes,Developing,Amériques,Caraïbes
659,Saint-Kitts-et-Nevis,active,419,Monde,019,029,KN,0,0,1,001,KNA,Amérique latine et Caraïbes,Developing,Amériques,Caraïbes
662,Sainte-Lucie,active,419,Monde,019,029,LC,0,0,1,001,LCA,Amérique latine et Caraïbes,Developing,Amériques,Caraïbes
663,Saint-Martin (partie française),active,419,Monde,019,029,MF,0,0,0,001,MAF,Amérique latine et Caraïbes,Developing,Amériques,Caraïbes
670,Saint-Vincent-et-les Grenadines,active,419,Monde,019,029,VC,0,0,1,001,VCT,Amérique latine et Caraïbes,Developing,Amériques,Caraïbes
534,Saint-Martin (partie néerlandaise),active,419,Monde,019,029,SX,0,0,1,001,SXM,Amérique latine et Caraïbes,Developing,Amériques,Caraïbes
780,Trinité-et-Tobago,active,419,Monde,019,029,TT,0,0,1,001,TTO,Amérique latine et Caraïbes,Developing,Amériques,Caraïbes
796,Îles Turques-et-Caïques,active,419,Monde,019,029,TC,0,0,0,001,TCA,Amérique latine et Caraïbes,Developing,Amériques,Caraïbes
850,Îles Vierges américaines,active,419,Monde,019,029,VI,0,0,1,001,VIR,Amérique latine et Caraïbes,Developing,Amériques,Caraïbes
084,Belize,active,419,Monde,019,013,BZ,0,0,1,001,BLZ,Amérique latine et Caraïbes,Developing,Amériques,Amérique centrale
188,Costa Rica,active,419,Monde,019,013,CR,0,0,0,001,CRI,Amérique latine et Caraïbes,Developing,Amériques,Amérique centrale
222,El Salvador,active,419,Monde,019,013,SV,0,0,0,001,SLV,Amérique latine et Caraïbes,Developing,Amériques,Amérique centrale
320,Guatemala,active,419,Monde,019,013,GT,0,0,0,001,GTM,Amérique latine et Caraïbes,Developing,Amériques,Amérique centrale
340,Honduras,active,419,Monde,019,013,HN,0,0,0,001,HND,Amérique latine et Caraïbes,Developing,Amériques,Amérique centrale
484,Mexique,active,419,Monde,019,013,MX,0,0,0,001,MEX,Amérique latine et Caraïbes,Developing,Amériques,Amérique centrale
558,Nicaragua,active,419,Monde,019,013,NI,0,0,0,001,NIC,Amérique latine et Caraïbes,Developing,Amériques,Amérique centrale
591,Panama,active,419,Monde,019,013,PA,0,0,0,001,PAN,Amérique latine et Caraïbes,Developing,Amériques,Amérique centrale
032,Argentine,active,419,Monde,019,005,AR,0,0,0,001,ARG,Amérique latine et Caraïbes,Developing,Amériques,Amérique du Sud
068,Bolivie (État plurinational de),active,419,Monde,019,005,BO,1,0,0,001,BOL,Amérique latine et Caraïbes,Developing,Amériques,Amérique du Sud
074,Île Bouvet,active,419,Monde,019,005,BV,0,0,0,001,BVT,Amérique latine et Caraïbes,Developing,Amériques,Amérique du Sud
076,Brésil,active,419,Monde,019,005,BR,0,0,0,001,BRA,Amérique latine et Caraïbes,Developing,Amériques,Amérique du Sud
152,Chili,active,419,Monde,019,005,CL,0,0,0,001,CHL,Amérique latine et Caraïbes,Developing,Amériques,Amérique du Sud
170,Colombie,active,419,Monde,019,005,CO,0,0,0,001,COL,Amérique latine et Caraïbes,Developing,Amériques,Amérique du Sud
218,Équateur,active,419,Monde,019,005,EC,0,0,0,001,ECU,Amérique latine et Caraïbes,Developing,Amériques,Amérique du Sud
238,Îles Falkland (Malvinas),active,419,Monde,019,005,FK,0,0,0,001,FLK,Amérique latine et Caraïbes,Developing,Amériques,Amérique du Sud
254,Guyane française,active,419,Monde,019,005,GF,0,0,0,001,GUF,Amérique latine et Caraïbes,Developing,Amériques,Amérique du Sud
328,Guyana,active,419,Monde,019,005,GY,0,0,1,001,GUY,Amérique latine et Caraïbes,Developing,Amériques,Amérique du Sud
600,Paraguay,active,419,Monde,019,005,PY,1,0,0,001,PRY,Amérique latine et Caraïbes,Developing,Amériques,Amérique du Sud
604,Pérou,active,419,Monde,019,005,PE,0,0,0,001,PER,Amérique latine et Caraïbes,Developing,Amériques,Amérique du Sud
239,Géorgie du Sud-et-les Îles Sandwich du Sud,active,419,Monde,019,005,GS,0,0,0,001,SGS,Amérique latine et Caraïbes,Developing,Amériques,Amérique du Sud
740,Suriname,active,419,Monde,019,005,SR,0,0,1,001,SUR,Amérique latine et Caraïbes,Developing,Amériques,Amérique du Sud
858,Uruguay,active,419,Monde,019,005,UY,0,0,0,001,URY,Amérique latine et Caraïbes,Developing,Amériques,Amérique du Sud
862,Venezuela (République bolivarienne du),active,419,Monde,019,005,VE,0,0,0,001,VEN,Amérique latine et Caraïbes,Developing,Amériques,Amérique du Sud
060,Bermudes,active,021,Monde,019,,BM,0,0,0,001,BMU,Amérique septentrionale,Developed,Amériques,
124,Canada,active,021,Monde,019,,CA,0,0,0,001,CAN,Amérique septentrionale,Developed,Amériques,
304,Groenland,active,021,Monde,019,,GL,0,0,0,001,GRL,Amérique septentrionale,Developed,Amériques,
666,Saint-Pierre-et-Miquelon,active,021,Monde,019,,PM,0,0,0,001,SPM,Amérique septentrionale,Developed,Amériques,
840,États-Unis d’Amérique,active,021,Monde,019,,US,0,0,0,001,USA,Amérique septentrionale,Developed,Amériques,
010,Antarctique,active,,Monde,,,AQ,0,0,0,001,ATA,,,,
398,Kazakhstan,active,143,Monde,142,,KZ,1,0,0,001,KAZ,Asie centrale,Developing,Asie,
417,Kirghizistan,active,143,Monde,142,,KG,1,0,0,001,KGZ,Asie centrale,Developing,Asie,
762,Tadjikistan,active,143,Monde,142,,TJ,1,0,0,001,TJK,Asie centrale,Developing,Asie,
795,Turkménistan,active,143,Monde,142,,TM,1,0,0,001,TKM,Asie centrale,Developing,Asie,
860,Ouzbékistan,active,143,Monde,142,,UZ,1,0,0,001,UZB,Asie centrale,Developing,Asie,
156,Chine,active,030,Monde,142,,CN,0,0,0,001,CHN,Asie orientale,Developing,Asie,
344,"Chine, région administrative spéciale de Hong Kong",active,030,Monde,142,,HK,0,0,0,001,HKG,Asie orientale,Developing,Asie,
446,"Chine, région administrative spéciale de Macao",active,030,Monde,142,,MO,0,0,0,001,MAC,Asie orientale,Developing,Asie,
408,République populaire démocratique de Corée,active,030,Monde,142,,KP,0,0,0,001,PRK,Asie orientale,Developing,Asie,
392,Japon,active,030,Monde,142,,JP,0,0,0,001,JPN,Asie orientale,Developed,Asie,
496,Mongolie,active,030,Monde,142,,MN,1,0,0,001,MNG,Asie orientale,Developing,Asie,
410,République de Corée,active,030,Monde,142,,KR,0,0,0,001,KOR,Asie orientale,Developing,Asie,
096,Brunéi Darussalam,active,035,Monde,142,,BN,0,0,0,001,BRN,Asie du Sud-Est,Developing,Asie,
116,Cambodge,active,035,Monde,142,,KH,0,1,0,001,KHM,Asie du Sud-Est,Developing,Asie,
360,Indonésie,active,035,Monde,142,,ID,0,0,0,001,IDN,Asie du Sud-Est,Developing,Asie,
418,République démocratique populaire lao,active,035,Monde,142,,LA,1,1,0,001,LAO,Asie du Sud-Est,Developing,Asie,
458,Malaisie,active,035,Monde,142,,MY,0,0,0,001,MYS,Asie du Sud-Est,Developing,Asie,
104,Myanmar,active,035,Monde,142,,MM,0,1,0,001,MMR,Asie du Sud-Est,Developing,Asie,
608,Philippines,active,035,Monde,142,,PH,0,0,0,001,PHL,Asie du Sud-Est,Developing,Asie,
702,Singapour,active,035,Monde,142,,SG,0,0,1,001,SGP,Asie du Sud-Est,Developing,Asie,
764,Thaïlande,active,035,Monde,142,,TH,0,0,0,001,THA,Asie du Sud-Est,Developing,Asie,
626,Timor-Leste,active,035,Monde,142,,TL,0,1,1,001,TLS,Asie du Sud-Est,Developing,Asie,
704,Viet Nam,active,035,Monde,142,,VN,0,0,0,001,VNM,Asie du Sud-Est,Developing,Asie,
004,Afghanistan,active,034,Monde,142,,AF,1,1,0,001,AFG,Asie méridionale,Developing,Asie,
050,Bangladesh,active,034,Monde,142,,BD,0,1,0,001,BGD,Asie méridionale,Developing,Asie,
064,Bhoutan,active,034,Monde,142,,BT,1,1,0,001,BTN,Asie méridionale,Developing,Asie,
356,Inde,active,034,Monde,142,,IN,0,0,0,001,IND,Asie méridionale,Developing,Asie,
364,Iran (République islamique d’),active,034,Monde,142,,IR,0,0,0,001,IRN,Asie méridionale,Developing,Asie,
462,Maldives,active,034,Monde,142,,MV,0,0,1,001,MDV,Asie méridionale,Developing,Asie,
524,Népal,active,034,Monde,142,,NP,1,1,0,001,NPL,Asie méridionale,Developing,Asie,
586,Pakistan,active,034,Monde,142,,PK,0,0,0,001,PAK,Asie méridionale,Developing,Asie,
144,Sri Lanka,active,034,Monde,142,,LK,0,0,0,001,LKA,Asie méridionale,Developing,Asie,
051,Arménie,active,145,Monde,142,,AM,1,0,0,001,ARM,Asie occidentale,Developing,Asie,
031,Azerbaïdjan,active,145,Monde,142,,AZ,1,0,0,001,AZE,Asie occidentale,Developing,Asie,
048,Bahreïn,active,145,Monde,142,,BH,0,0,0,001,BHR,Asie occidentale,Developing,Asie,
196,Chypre,active,145,Monde,142,,CY,0,0,0,001,CYP,Asie occidentale,Developed,Asie,
268,Géorgie,active,145,Monde,142,,GE,0,0,0,001,GEO,Asie occidentale,Developing,Asie,
368,Iraq,active,145,Monde,142,,IQ,0,0,0,001,IRQ,Asie occidentale,Developing,Asie,
376,Israël,active,145,Monde,142,,IL,0,0,0,001,ISR,Asie occidentale,Developed,Asie,
400,Jordanie,active,145,Monde,142,,JO,0,0,0,001,JOR,Asie occidentale,Developing,Asie,
414,Koweït,active,145,Monde,142,,KW,0,0,0,001,KWT,Asie occidentale,Developing,Asie,
422,Liban,active,145,Monde,142,,LB,0,0,0,001,LBN,Asie occidentale,Developing,Asie,
512,Oman,active,145,Monde,142,,OM,0,0,0,001,OMN,Asie occidentale,Developing,Asie,
634,Qatar,active,145,Monde,142,,QA,0,0,0,001,QAT,Asie occidentale,Developing,Asie,
682,Arabie saoudite,active,145,Monde,142,,SA,0,0,0,001,SAU,Asie occidentale,Developing,Asie,
275,État de Palestine,active,145,Monde,142,,PS,0,0,0,001,PSE,Asie occidentale,Developing,Asie,
760,République arabe syrienne,active,145,Monde,142,,SY,0,0,0,001,SYR,Asie occidentale,Developing,Asie,
792,Türkiye,active,145,Monde,142,,TR,0,0,0,001,TUR,Asie occidentale,Developing,Asie,
784,Émirats arabes unis,active,145,Monde,142,,AE,0,0,0,001,ARE,Asie occidentale,Developing,Asie,
887,Yémen,active,145,Monde,142,,YE,0,1,0,001,YEM,Asie occidentale,Developing,Asie,
112,Bélarus,active,151,Monde,150,,BY,0,0,0,001,BLR,Europe orientale,Developed,Europe,
100,Bulgarie,active,151,Monde,150,,BG,0,0,0,001,BGR,Europe orientale,Developed,Europe,
203,Tchéquie,active,151,Monde,150,,CZ,0,0,0,001,CZE,Europe orientale,Developed,Europe,
348,Hongrie,active,151,Monde,150,,HU,0,0,0,001,HUN,Europe orientale,Developed,Europe,
616,Pologne,active,151,Monde,150,,PL,0,0,0,001,POL,Europe orientale,Developed,Europe,
498,République de Moldova,active,151,Monde,150,,MD,1,0,0,001,MDA,Europe orientale,Developed,Europe,
642,Roumanie,active,151,Monde,150,,RO,0,0,0,001,ROU,Europe orientale,Developed,Europe,
643,Fédération de Russie,active,151,Monde,150,,RU,0,0,0,001,RUS,Europe orientale,Developed,Europe,
703,Slovaquie,active,151,Monde,150,,SK,0,0,0,001,SVK,Europe orientale,Developed,Europe,
804,Ukraine,active,151,Monde,150,,UA,0,0,0,001,UKR,Europe orientale,Developed,Europe,
248,Îles d’Åland,active,154,Monde,150,,AX,0,0,0,001,ALA,Europe septentrionale,Developed,Europe,
831,Guernesey,active,154,Monde,150,,GG,0,0,0,001,GGY,Europe septentrionale,Developed,Europe,
832,Jersey,active,154,Monde,150,,JE,0,0,0,001,JEY,Europe septentrionale,Developed,Europe,
680,Sercq,withdrawn,154,Monde,150,830,,0,0,0,001,,Europe septentrionale,Developed,Europe,Îles Anglo-Normandes
208,Danemark,active,154,Monde,150,,DK,0,0,0,001,DNK,Europe septentrionale,Developed,Europe,
233,Estonie,active,154,Monde,150,,EE,0,0,0,001,EST,Europe septentrionale,Developed,Europe,
234,Îles Féroé,active,154,Monde,150,,FO,0,0,0,001,FRO,Europe septentrionale,Developed,Europe,
246,Finlande,active,154,Monde,150,,FI,0,0,0,001,FIN,Europe septentrionale,Developed,Europe,
352,Islande,active,154,Monde,150,,IS,0,0,0,001,ISL,Europe septentrionale,Developed,Europe,
372,Irlande,active,154,Monde,150,,IE,0,0,0,001,IRL,Europe septentrionale,Developed,Europe,
833,Île de Man,active,154,Monde,150,,IM,0,0,0,001,IMN,Europe septentrionale,Developed,Europe,
428,Lettonie,active,154,Monde,150,,LV,0,0,0,001,LVA,Europe septentrionale,Developed,Europe,
440,Lituanie,active,154,Monde,150,,LT,0,0,0,001,LTU,Europe septentrionale,Developed,Europe,
578,Norvège,active,154,Monde,150,,NO,0,0,0,001,NOR,Europe septentrionale,Developed,Europe,
744,Îles Svalbard-et-Jan Mayen,active,154,Monde,150,,SJ,0,0,0,001,SJM,Europe septentrionale,Developed,Europe,
752,Suède,active,154,Monde,150,,SE,0,0,0,001,SWE,Europe septentrionale,Developed,Europe,
826,Royaume-Uni de Grande-Bretagne et d’Irlande du Nord,active,154,Monde,150,,GB,0,0,0,001,GBR,Europe septentrionale,Developed,Europe,
008,Albanie,active,039,Monde,150,,AL,0,0,0,001,ALB,Europe méridionale,Developed,Europe,
020,Andorre,active,039,Monde,150,,AD,0,0,0,001,AND,Europe méridionale,Developed,Europe,
070,Bosnie-Herzégovine,active,039,Monde,150,,BA,0,0,0,001,BIH,Europe méridionale,Developed,Europe,
191,Croatie,active,039,Monde,150,,HR,0,0,0,001,HRV,Europe méridionale,Developed,Europe,
292,Gibraltar,active,039,Monde,150,,GI,0,0,0,001,GIB,Europe méridionale,Developed,Europe,
300,Grèce,active,039,Monde,150,,GR,0,0,0,001,GRC,Europe méridionale,Developed,Europe,
336,Saint-Siège,active,039,Monde,150,,VA,0,0,0,001,VAT,Europe méridionale,Developed,Europe,
380,Italie,active,039,Monde,150,,IT,0,0,0,001,ITA,Europe méridionale,Developed,Europe,
470,Malte,active,039,Monde,150,,MT,0,0,0,001,MLT,Europe méridionale,Developed,Europe,
499,Monténégro,active,039,Monde,150,,ME,0,0,0,001,MNE,Europe méridionale,Developed,Europe,
807,Macédoine du Nord,active,039,Monde,150,,MK,1,0,0,001,MKD,Europe méridionale,Developed,Europe,
620,Portugal,active,039,Monde,150,,PT,0,0,0,001,PRT,Europe méridionale,Developed,Europe,
674,Saint-Marin,active,039,Monde,150,,SM,0,0,0,001,SMR,Europe méridionale,Developed,Europe,
688,Serbie,active,039,Monde,150,,RS,0,0,0,001,SRB,Europe méridionale,Developed,Europe,
705,Slovénie,active,039,Monde,150,,SI,0,0,0,001,SVN,Europe méridionale,Developed,Europe,
724,Espagne,active,039,Monde,150,,ES,0,0,0,001,ESP,Europe méridionale,Developed,Europe,
040,Autriche,active,155,Monde,150,,AT,0,0,0,001,AUT,Europe occidentale,Developed,Europe,
056,Belgique,active,155,Monde,150,,BE,0,0,0,001,BEL,Europe occidentale,Developed,Europe,
250,France,active,155,Monde,150,,FR,0,0,0,001,FRA,Europe occidentale,Developed,Europe,
276,Allemagne,active,155,Monde,150,,DE,0,0,0,001,DEU,Europe occidentale,Developed,Europe,
438,Liechtenstein,active,155,Monde,150,,LI,0,0,0,001,LIE,Europe occidentale,Developed,Europe,
442,Luxembourg,active,155,Monde,150,,LU,0,0,0,001,LUX,Europe occidentale,Developed,Europe,
492,Monaco,active,155,Monde,150,,MC,0,0,0,001,MCO,Europe occidentale,Developed,Europe,
528,Pays-Bas (Royaume des),active,155,Monde,150,,NL,0,0,0,001,NLD,Europe occidentale,Developed,Europe,
756,Suisse,active,155,Monde,150,,CH,0,0,0,001,CHE,Europe occidentale,Developed,Europe,
036,Australie,active,053,Monde,009,,AU,0,0,0,001,AUS,Australie et Nouvelle-Zélande,Developed,Océanie,
162,Île Christmas,active,053,Monde,009,,CX,0,0,0,001,CXR,Australie et Nouvelle-Zélande,Developed,Océanie,
166,Îles des Cocos (Keeling),active,053,Monde,009,,CC,0,0,0,001,CCK,Australie et Nouvelle-Zélande,Developed,Océanie,
334,Île Heard-et-Îles MacDonald,active,053,Monde,009,,HM,0,0,0,001,HMD,Australie et Nouvelle-Zélande,Developed,Océanie,
554,Nouvelle-Zélande,active,053,Monde,009,,NZ,0,0,0,001,NZL,Australie et Nouvelle-Zélande,Developed,Océanie,
574,Île Norfolk,active,053,Monde,009,,NF,0,0,0,001,NFK,Australie et Nouvelle-Zélande,Developed,Océanie,
242,Fidji,active,054,Monde,009,,FJ,0,0,1,001,FJI,Mélanésie,Developing,Océanie,
540,Nouvelle-Calédonie,active,054,Monde,009,,NC,0,0,1,001,NCL,Mélanésie,Developing,Océanie,
598,Papouasie-Nouvelle-Guinée,active,054,Monde,009,,PG,0,0,1,001,PNG,Mélanésie,Developing,Océanie,
090,Îles Salomon,active,054,Monde,009,,SB,0,1,1,001,SLB,Mélanésie,Developing,Océanie,
548,Vanuatu,active,054,Monde,009,,VU,0,1,1,001,VUT,Mélanésie,Developing,Océanie,
316,Guam,active,057,Monde,009,,GU,0,0,1,001,GUM,Micronésie,Developing,Océanie,
296,Kiribati,active,057,Monde,009,,KI,0,1,1,001,KIR,Micronésie,Developing,Océanie,
584,Îles Marshall,active,057,Monde,009,,MH,0,0,1,001,MHL,Micronésie,Developing,Océanie,
583,Micronésie (États fédérés de),active,057,Monde,009,,FM,0,0,1,001,FSM,Micronésie,Developing,Océanie,
520,Nauru,active,057,Monde,009,,NR,0,0,1,001,NRU,Micronésie,Developing,Océanie,
580,Îles Mariannes du Nord,active,057,Monde,009,,MP,0,0,1,001,MNP,Micronésie,Developing,Océanie,
585,Palaos,active,057,Monde,009,,PW,0,0,1,001,PLW,Micronésie,Developing,Océanie,
581,Îles mineures éloignées des États-Unis,active,057,Monde,009,,UM,0,0,0,001,UMI,Micronésie,Developing,Océanie,
016,Samoa américaines,active,061,Monde,009,,AS,0,0,1,001,ASM,Polynésie,Developing,Océanie,
184,Îles Cook,active,061,Monde,009,,CK,0,0,1,001,COK,Polynésie,Developing,Océanie,
258,Polynésie française,active,061,Monde,009,,PF,0,0,1,001,PYF,Polynésie,Developing,Océanie,
570,Nioué,active,061,Monde,009,,NU,0,0,1,001,NIU,Polynésie,Developing,Océanie,
612,Pitcairn,active,061,Monde,009,,PN,0,0,0,001,PCN,Polynésie,Developing,Océanie,
882,Samoa,active,061,Monde,009,,WS,0,0,1,001,WSM,Polynésie,Developing,Océanie,
772,Tokélaou,active,061,Monde,009,,TK,0,0,0,001,TKL,Polynésie,Developing,Océanie,
776,Tonga,active,061,Monde,009,,TO,0,0,1,001,TON,Polynésie,Developing,Océanie,
798,Tuvalu,active,061,Monde,009,,TV,0,1,1,001,TUV,Polynésie,Developing,Océanie,
876,Îles Wallis-et-Futuna,active,061,Monde,009,,WF,0,0,0,001,WLF,Polynésie,Developing,Océanie,
